조사일,상품명,업태,평균판매가격
2024-12-20,청정원 맛선생 국내산해물(250g),대형마트,10650
2024-12-20,청정원 맛선생 국내산해물(250g),백화점,11180
2024-12-20,청정원 맛선생 국내산해물(250g),기업형슈퍼,11410
2024-12-20,청정원 맛선생 국내산해물(250g),편의점,7400
2024-12-20,해표 꽃소금(1kg),백화점,1848
2024-12-20,해표 꽃소금(1kg),기업형슈퍼,2800
2024-12-20,해표 꽃소금(1kg),편의점,1100
2024-12-20,"쇠고기 등심(1등급, 100g)",대형마트,10355
2024-12-20,"쇠고기 등심(1등급, 100g)",백화점,17900
2024-12-20,"쇠고기 등심(1등급, 100g)",기업형슈퍼,13517
2024-12-20,도브 센서티브 뷰티바(4개),대형마트,7900
2024-12-20,도브 센서티브 뷰티바(4개),백화점,7200
2024-12-20,도브 센서티브 뷰티바(4개),기업형슈퍼,5353
2024-12-20,청정원 고소한 마요네즈(500g),대형마트,5400
2024-12-20,청정원 고소한 마요네즈(500g),백화점,5670
2024-12-20,청정원 고소한 마요네즈(500g),기업형슈퍼,5876
2024-12-20,오뚜기밥(6개입) ,백화점,6549
2024-12-20,오뚜기밥(6개입) ,기업형슈퍼,6476
2024-12-20,오뚜기밥(6개입) ,편의점,10200
2024-12-20,코카콜라(1.8L),대형마트,2680
2024-12-20,코카콜라(1.8L),백화점,3470
2024-12-20,코카콜라(1.8L),기업형슈퍼,3980
2024-12-20,하림 참진 토종닭백숙(1.05kg),대형마트,13490
2024-12-20,하림 참진 토종닭백숙(1.05kg),기업형슈퍼,15715
2024-12-20,"쇠고기 불고기(1등급, 100g)",대형마트,3480
2024-12-20,"쇠고기 불고기(1등급, 100g)",백화점,7050
2024-12-20,"쇠고기 불고기(1등급, 100g)",기업형슈퍼,5614
2024-12-20,비타500(10개입),대형마트,8980
2024-12-20,비타500(10개입),백화점,8500
2024-12-20,비타500(10개입),기업형슈퍼,7695
2024-12-20,비타500(10개입),편의점,10000
2024-12-20,매일유업 뼈로가는 칼슘치즈(270g),대형마트,9980
2024-12-20,매일유업 뼈로가는 칼슘치즈(270g),백화점,7264
2024-12-20,매일유업 뼈로가는 칼슘치즈(270g),기업형슈퍼,6900
2024-12-20,존슨즈 베드타임 로션(500ml),대형마트,20900
2024-12-20,존슨즈 베드타임 로션(500ml),백화점,21417
2024-12-20,존슨즈 베드타임 로션(500ml),기업형슈퍼,14630
2024-12-20,서울우유 흰우유(1L),대형마트,2960
2024-12-20,서울우유 흰우유(1L),백화점,3165
2024-12-20,서울우유 흰우유(1L),기업형슈퍼,3156
2024-12-20,서울우유 흰우유(1L),편의점,3200
2024-12-20,오뚜기 참기름(320ml),대형마트,11880
2024-12-20,오뚜기 참기름(320ml),백화점,10058
2024-12-20,오뚜기 참기름(320ml),기업형슈퍼,11859
2024-12-20,오뚜기 참기름(320ml),편의점,6600
2024-12-20,오뚜기 고소한 골드 마요네즈(500g),대형마트,5950
2024-12-20,오뚜기 고소한 골드 마요네즈(500g),백화점,5795
2024-12-20,오뚜기 고소한 골드 마요네즈(500g),기업형슈퍼,6354
2024-12-20,오뚜기 고소한 골드 마요네즈(500g),편의점,6033
2024-12-20,카스 프레쉬(6캔),대형마트,9050
2024-12-20,카스 프레쉬(6캔),백화점,11400
2024-12-20,카스 프레쉬(6캔),기업형슈퍼,10430
2024-12-20,카스 프레쉬(6캔),편의점,13500
2024-12-20,삼양라면(5개입),대형마트,3680
2024-12-20,삼양라면(5개입),백화점,4255
2024-12-20,삼양라면(5개입),기업형슈퍼,3727
2024-12-20,삼양라면(5개입),편의점,4550
2024-12-20,진라면 순한맛(5개입),대형마트,4080
2024-12-20,진라면 순한맛(5개입),백화점,3745
2024-12-20,진라면 순한맛(5개입),기업형슈퍼,3580
2024-12-20,진라면 순한맛(5개입),편의점,4750
2024-12-20,옛날국수 소면(900g),대형마트,3550
2024-12-20,옛날국수 소면(900g),백화점,3690
2024-12-20,옛날국수 소면(900g),기업형슈퍼,4573
2024-12-20,옛날국수 소면(900g),편의점,4800
2024-12-20,포스트 콘푸라이트(600g),대형마트,7380
2024-12-20,포스트 콘푸라이트(600g),백화점,9267
2024-12-20,포스트 콘푸라이트(600g),기업형슈퍼,7834
2024-12-20,오뚜기 부침가루(1kg),대형마트,3400
2024-12-20,오뚜기 부침가루(1kg),백화점,3473
2024-12-20,오뚜기 부침가루(1kg),기업형슈퍼,3928
2024-12-20,돼지고기 삼겹살(100g),대형마트,2673
2024-12-20,돼지고기 삼겹살(100g),백화점,4645
2024-12-20,돼지고기 삼겹살(100g),기업형슈퍼,3369
2024-12-20,돼지고기 삼겹살(100g),편의점,3966
2024-12-20,"쇠고기 불고기(1+등급, 100g)",대형마트,3350
2024-12-20,"쇠고기 불고기(1+등급, 100g)",백화점,7200
2024-12-20,"쇠고기 불고기(1+등급, 100g)",기업형슈퍼,5990
2024-12-20,"쇠고기 등심(1+등급, 100g)",대형마트,13980
2024-12-20,"쇠고기 등심(1+등급, 100g)",백화점,18367
2024-12-20,오뚜기 콩기름(900ml),대형마트,4780
2024-12-20,오뚜기 콩기름(900ml),백화점,5933
2024-12-20,오뚜기 콩기름(900ml),기업형슈퍼,6002
2024-12-20,해표 맑고 신선한 식용유(900ml),대형마트,4580
2024-12-20,해표 맑고 신선한 식용유(900ml),백화점,4010
2024-12-20,해표 맑고 신선한 식용유(900ml),기업형슈퍼,5985
2024-12-20,백설 하얀설탕(1kg),대형마트,2330
2024-12-20,백설 하얀설탕(1kg),백화점,2698
2024-12-20,백설 하얀설탕(1kg),기업형슈퍼,2743
2024-12-20,백설 하얀설탕(1kg),편의점,2667
2024-12-20,참이슬 오리지널(360ml),대형마트,1340
2024-12-20,참이슬 오리지널(360ml),백화점,1630
2024-12-20,참이슬 오리지널(360ml),기업형슈퍼,1425
2024-12-20,참이슬 오리지널(360ml),편의점,1900
2024-12-20,처음처럼(360ml),대형마트,1300
2024-12-20,처음처럼(360ml),백화점,1629
2024-12-20,처음처럼(360ml),기업형슈퍼,1420
2024-12-20,처음처럼(360ml),편의점,1900
2024-12-20,백설 고소함가득 참기름(320ml),백화점,6485
2024-12-20,백설 고소함가득 참기름(320ml),기업형슈퍼,10351
2024-12-20,백설 고소함가득 참기름(320ml),편의점,9800
2024-12-20,크린랩(30cm x 50m),대형마트,7580
2024-12-20,크린랩(30cm x 50m),백화점,8099
2024-12-20,크린랩(30cm x 50m),기업형슈퍼,7960
2024-12-20,크린랩(30cm x 50m),편의점,5000
2024-12-20,순창 100% 현미 태양초 찰고추장(1kg),대형마트,13990
2024-12-20,순창 100% 현미 태양초 찰고추장(1kg),백화점,17975
2024-12-20,순창 100% 현미 태양초 찰고추장(1kg),편의점,10700
2024-12-20,순창 재래식안심생된장(1kg),대형마트,9100
2024-12-20,순창 재래식안심생된장(1kg),백화점,7630
2024-12-20,순창 재래식안심생된장(1kg),기업형슈퍼,8421
2024-12-20,오뚜기 딸기잼(500g),대형마트,6980
2024-12-20,오뚜기 딸기잼(500g),백화점,6980
2024-12-20,오뚜기 딸기잼(500g),기업형슈퍼,6485
2024-12-20,오뚜기 딸기잼(500g),편의점,4950
2024-12-20,오뚜기 토마토 케찹(500g),대형마트,3480
2024-12-20,오뚜기 토마토 케찹(500g),백화점,3546
2024-12-20,오뚜기 토마토 케찹(500g),기업형슈퍼,3767
2024-12-20,오뚜기 토마토 케찹(500g),편의점,4000
2024-12-20,오뚜기 사과식초(900ml),대형마트,2730
2024-12-20,오뚜기 사과식초(900ml),백화점,3130
2024-12-20,오뚜기 사과식초(900ml),기업형슈퍼,3601
2024-12-20,햇반(210g),대형마트,1850
2024-12-20,햇반(210g),백화점,1610
2024-12-20,햇반(210g),기업형슈퍼,1972
2024-12-20,햇반(210g),편의점,2100
2024-12-20,"양파(껍질 있는 망포장, 1.5kg)",대형마트,3598
2024-12-20,"양파(껍질 있는 망포장, 1.5kg)",백화점,5955
2024-12-20,"양파(껍질 있는 망포장, 1.5kg)",기업형슈퍼,4893
2024-12-20,3분 쇠고기카레(200g),대형마트,1980
2024-12-20,3분 쇠고기카레(200g),백화점,1855
2024-12-20,3분 쇠고기카레(200g),기업형슈퍼,2158
2024-12-20,3분 쇠고기카레(200g),편의점,1900
2024-12-20,맥심 티오피 마스터 라떼(275ml),대형마트,2580
2024-12-20,맥심 티오피 마스터 라떼(275ml),백화점,2045
2024-12-20,맥심 티오피 마스터 라떼(275ml),기업형슈퍼,2464
2024-12-20,맥심 티오피 마스터 라떼(275ml),편의점,2533
2024-12-20,배추(1.5~2kg),대형마트,4155
2024-12-20,배추(1.5~2kg),백화점,5967
2024-12-20,배추(1.5~2kg),기업형슈퍼,3985
2024-12-20,3분 쇠고기짜장(200g),대형마트,1980
2024-12-20,3분 쇠고기짜장(200g),백화점,1880
2024-12-20,3분 쇠고기짜장(200g),기업형슈퍼,2160
2024-12-20,3분 쇠고기짜장(200g),편의점,2000
2024-12-20,크린랩(22cm x 50m),대형마트,5480
2024-12-20,크린랩(22cm x 50m),백화점,6364
2024-12-20,크린랩(22cm x 50m),기업형슈퍼,6558
2024-12-20,크린랩(22cm x 50m),편의점,4125
2024-12-20,"무(줄기 없는 무, 1.5kg)",대형마트,2755
2024-12-20,"무(줄기 없는 무, 1.5kg)",백화점,4289
2024-12-20,"무(줄기 없는 무, 1.5kg)",기업형슈퍼,3852
2024-12-20,메로나(75ml),백화점,767
2024-12-20,메로나(75ml),기업형슈퍼,849
2024-12-20,메로나(75ml),편의점,900
2024-12-20,해찬들 재래식 된장(1kg),대형마트,4665
2024-12-20,해찬들 재래식 된장(1kg),백화점,6552
2024-12-20,해찬들 재래식 된장(1kg),기업형슈퍼,8735
2024-12-20,오뚜기카레 순한맛(100g),대형마트,2388
2024-12-20,오뚜기카레 순한맛(100g),백화점,2310
2024-12-20,오뚜기카레 순한맛(100g),기업형슈퍼,2326
2024-12-20,오뚜기카레 순한맛(100g),편의점,1950
2024-12-20,동서현미녹차(100개입),대형마트,7550
2024-12-20,동서현미녹차(100개입),백화점,9600
2024-12-20,동서현미녹차(100개입),기업형슈퍼,9087
2024-12-20,동서현미녹차(100개입),편의점,9225
2024-12-20,국순당 우국생(750ml),백화점,2200
2024-12-20,국순당 우국생(750ml),기업형슈퍼,2100
2024-12-20,국순당 우국생(750ml),편의점,1700
2024-12-20,서울장수생막걸리(750ml),대형마트,1665
2024-12-20,서울장수생막걸리(750ml),백화점,1900
2024-12-20,서울장수생막걸리(750ml),기업형슈퍼,1697
2024-12-20,서울장수생막걸리(750ml),편의점,2000
2024-12-20,썬 부탄가스(4개),대형마트,6790
2024-12-20,썬 부탄가스(4개),기업형슈퍼,7483
2024-12-20,오뚜기 크림스프(80g),대형마트,1980
2024-12-20,오뚜기 크림스프(80g),백화점,2220
2024-12-20,오뚜기 크림스프(80g),기업형슈퍼,2383
2024-12-20,오뚜기 크림스프(80g),편의점,2500
2024-12-20,청정원 순창 양념듬뿍 쌈장(500g),대형마트,3710
2024-12-20,청정원 순창 양념듬뿍 쌈장(500g),백화점,3085
2024-12-20,청정원 순창 양념듬뿍 쌈장(500g),기업형슈퍼,5653
2024-12-20,청정원 순창 양념듬뿍 쌈장(500g),편의점,3950
2024-12-20,해표 순창궁 양념쌈장(500g),대형마트,4980
2024-12-20,해표 순창궁 양념쌈장(500g),백화점,3590
2024-12-20,해표 순창궁 양념쌈장(500g),기업형슈퍼,2680
2024-12-20,게토레이 레몬(600ml),대형마트,1965
2024-12-20,게토레이 레몬(600ml),백화점,1953
2024-12-20,게토레이 레몬(600ml),기업형슈퍼,1478
2024-12-20,게토레이 레몬(600ml),편의점,2200
2024-12-20,신라면(5개입),대형마트,3900
2024-12-20,신라면(5개입),백화점,4672
2024-12-20,신라면(5개입),기업형슈퍼,3900
2024-12-20,신라면(5개입),편의점,4750
2024-12-20,곰표 밀가루 중력다목적용(1kg),대형마트,1790
2024-12-20,곰표 밀가루 중력다목적용(1kg),백화점,1790
2024-12-20,곰표 밀가루 중력다목적용(1kg),기업형슈퍼,2233
2024-12-20,해찬들 사계절 쌈장(500g),대형마트,5580
2024-12-20,해찬들 사계절 쌈장(500g),백화점,2742
2024-12-20,해찬들 사계절 쌈장(500g),기업형슈퍼,6009
2024-12-20,해찬들 사계절 쌈장(500g),편의점,4900
2024-12-20,드봉 스위트로즈(4개),대형마트,7425
2024-12-20,드봉 스위트로즈(4개),백화점,7488
2024-12-20,드봉 스위트로즈(4개),기업형슈퍼,4950
2024-12-20,동원참치 라이트스탠다드(150g),백화점,3125
2024-12-20,동원참치 라이트스탠다드(150g),기업형슈퍼,2680
2024-12-20,동원참치 라이트스탠다드(150g),편의점,4400
2024-12-20,참크래커(280g),대형마트,3360
2024-12-20,참크래커(280g),백화점,3533
2024-12-20,참크래커(280g),기업형슈퍼,3188
2024-12-20,참크래커(280g),편의점,4170
2024-12-20,참이슬 후레쉬(360ml),대형마트,1340
2024-12-20,참이슬 후레쉬(360ml),백화점,1637
2024-12-20,참이슬 후레쉬(360ml),기업형슈퍼,1422
2024-12-20,참이슬 후레쉬(360ml),편의점,1900
2024-12-20,해찬들 100% 태양초 우리쌀 고추장(1kg),대형마트,9980
2024-12-20,해찬들 100% 태양초 우리쌀 고추장(1kg),백화점,9755
2024-12-20,해찬들 100% 태양초 우리쌀 고추장(1kg),기업형슈퍼,22480
2024-12-20,맥스 부탄가스(4개),대형마트,6790
2024-12-20,맥스 부탄가스(4개),백화점,8200
2024-12-20,맥스 부탄가스(4개),기업형슈퍼,8612
2024-12-20,스페셜K 오리지널(480g),백화점,9780
2024-12-20,해피바스 오리지널컬렉션 솝 라벤더 비누(4개),대형마트,7425
2024-12-20,해피바스 오리지널컬렉션 솝 라벤더 비누(4개),백화점,6868
2024-12-20,해피바스 오리지널컬렉션 솝 라벤더 비누(4개),기업형슈퍼,6429
2024-12-20,맥스웰 하우스 오리지날(180개입),대형마트,19680
2024-12-20,맥스웰 하우스 오리지날(180개입),백화점,24500
2024-12-20,맥스웰 하우스 오리지날(180개입),기업형슈퍼,21980
2024-12-20,아이시스(2L),대형마트,960
2024-12-20,아이시스(2L),백화점,830
2024-12-20,아이시스(2L),기업형슈퍼,711
2024-12-20,아이시스(2L),편의점,1950
2024-12-20,스프라이트(1.5L),대형마트,2880
2024-12-20,스프라이트(1.5L),백화점,2515
2024-12-20,스프라이트(1.5L),기업형슈퍼,3005
2024-12-20,스프라이트(1.5L),편의점,3500
2024-12-20,온더바디 로맨틱 아이리스향 바디워시(900ml),대형마트,4900
2024-12-20,온더바디 로맨틱 아이리스향 바디워시(900ml),백화점,7520
2024-12-20,온더바디 로맨틱 아이리스향 바디워시(900ml),기업형슈퍼,6900
2024-12-20,하이트 엑스트라 콜드(6캔),대형마트,9050
2024-12-20,하이트 엑스트라 콜드(6캔),백화점,10770
2024-12-20,하이트 엑스트라 콜드(6캔),기업형슈퍼,10320
2024-12-20,하이트 엑스트라 콜드(6캔),편의점,13500
2024-12-20,백설 소면(900g),대형마트,3480
2024-12-20,백설 소면(900g),백화점,3148
2024-12-20,백설 소면(900g),기업형슈퍼,3224
2024-12-20,보노 콘스프(3개입),대형마트,3350
2024-12-20,보노 콘스프(3개입),백화점,3210
2024-12-20,보노 콘스프(3개입),기업형슈퍼,3608
2024-12-20,보노 콘스프(3개입),편의점,4000
2024-12-20,켈로그 콘푸로스트(600g),대형마트,7180
2024-12-20,켈로그 콘푸로스트(600g),백화점,7462
2024-12-20,켈로그 콘푸로스트(600g),기업형슈퍼,6471
2024-12-20,켈로그 콘푸로스트(600g),편의점,3000
2024-12-20,3분 백세카레 약간 매운맛(200g),대형마트,3680
2024-12-20,3분 백세카레 약간 매운맛(200g),백화점,3443
2024-12-20,3분 백세카레 약간 매운맛(200g),기업형슈퍼,3495
2024-12-20,3분 백세카레 약간 매운맛(200g),편의점,2400
2024-12-20,오뚜기밥(210g),백화점,2118
2024-12-20,오뚜기밥(210g),기업형슈퍼,1800
2024-12-20,오뚜기밥(210g),편의점,2000
2024-12-20,샘표 토장(900g),대형마트,11380
2024-12-20,샘표 토장(900g),백화점,8207
2024-12-20,샘표 토장(900g),기업형슈퍼,8474
2024-12-20,동서 벌꿀(600g),대형마트,20980
2024-12-20,동서 벌꿀(600g),백화점,18942
2024-12-20,동서 벌꿀(600g),기업형슈퍼,21480
2024-12-20,동서 벌꿀(900g),대형마트,30580
2024-12-20,동서 벌꿀(900g),백화점,23500
2024-12-20,백설 자일로스 설탕(1kg),대형마트,4480
2024-12-20,백설 자일로스 설탕(1kg),백화점,4733
2024-12-20,백설 자일로스 설탕(1kg),기업형슈퍼,4790
2024-12-20,남양 17차 티백(80개입),대형마트,7480
2024-12-20,남양 17차 티백(80개입),백화점,7300
2024-12-20,남양 17차 티백(80개입),기업형슈퍼,7185
2024-12-20,달콤한 삼육두유 B(16팩),백화점,15200
2024-12-20,달콤한 삼육두유 B(16팩),기업형슈퍼,10900
2024-12-20,카스 프레쉬(500ml),백화점,2440
2024-12-20,카스 프레쉬(500ml),기업형슈퍼,2216
2024-12-20,카스 프레쉬(500ml),편의점,2800
2024-12-20,삼다수(2L),대형마트,1075
2024-12-20,삼다수(2L),백화점,1190
2024-12-20,삼다수(2L),기업형슈퍼,1053
2024-12-20,삼다수(2L),편의점,1950
2024-12-20,삼다수(500ml),대형마트,478
2024-12-20,삼다수(500ml),백화점,585
2024-12-20,삼다수(500ml),기업형슈퍼,542
2024-12-20,삼다수(500ml),편의점,1100
2024-12-20,아이시스(500ml),대형마트,470
2024-12-20,아이시스(500ml),백화점,430
2024-12-20,아이시스(500ml),기업형슈퍼,388
2024-12-20,아이시스(500ml),편의점,1100
2024-12-20,포카리스웨트(620ml),백화점,2500
2024-12-20,포카리스웨트(620ml),기업형슈퍼,1850
2024-12-20,포카리스웨트(620ml),편의점,2500
2024-12-20,아이!깨끗해 항균폼 상큼한레몬향(250ml),대형마트,6900
2024-12-20,아이!깨끗해 항균폼 상큼한레몬향(250ml),백화점,5278
2024-12-20,아이!깨끗해 항균폼 상큼한레몬향(250ml),기업형슈퍼,4239
2024-12-20,아이!깨끗해 항균폼 상큼한레몬향(250ml),편의점,6900
2024-12-20,PACE6 스타일 면도날(4개),대형마트,20900
2024-12-20,PACE6 스타일 면도날(4개),백화점,14850
2024-12-20,PACE6 스타일 면도날(4개),편의점,14800
2024-12-20,2080 파워쉴드 블루더블민트(120g),백화점,2030
2024-12-20,2080 파워쉴드 블루더블민트(120g),기업형슈퍼,2700
2024-12-20,2080 파워쉴드 블루더블민트(3개),대형마트,9900
2024-12-20,2080 파워쉴드 블루더블민트(3개),백화점,5720
2024-12-20,2080 파워쉴드 블루더블민트(3개),기업형슈퍼,5905
2024-12-20,페리오 토탈7 오리지널(3개),대형마트,12900
2024-12-20,페리오 토탈7 오리지널(3개),백화점,7284
2024-12-20,페리오 토탈7 오리지널(3개),기업형슈퍼,8300
2024-12-20,크린랩 고무장갑 중(2세트),대형마트,6480
2024-12-20,항균 트리오(973ml),대형마트,3500
2024-12-20,항균 트리오(973ml),백화점,3285
2024-12-20,항균 트리오(973ml),편의점,3700
2024-12-20,"갈치(생물, 100g)",대형마트,4236
2024-12-20,"갈치(생물, 100g)",백화점,6220
2024-12-20,"갈치(생물, 100g)",기업형슈퍼,6973
2024-12-20,"고등어(생물, 300~500g)",대형마트,4703
2024-12-20,"고등어(생물, 300~500g)",백화점,10950
2024-12-20,"고등어(생물, 300~500g)",기업형슈퍼,5490
2024-12-20,"오징어(생물, 200~300g)",대형마트,10900
2024-12-20,"오징어(생물, 200~300g)",백화점,10000
2024-12-20,"오징어(생물, 200~300g)",기업형슈퍼,6949
2024-12-20,시금치(250~400g),대형마트,3658
2024-12-20,시금치(250~400g),백화점,4943
2024-12-20,시금치(250~400g),기업형슈퍼,3402
2024-12-20,"당근(흙당근, 100g)",대형마트,592
2024-12-20,"당근(흙당근, 100g)",백화점,895
2024-12-20,"당근(흙당근, 100g)",기업형슈퍼,878
2024-12-20,"감자(껍질 있는 감자, 100g)",대형마트,342
2024-12-20,"감자(껍질 있는 감자, 100g)",백화점,663
2024-12-20,"감자(껍질 있는 감자, 100g)",기업형슈퍼,393
2024-12-20,"고구마(껍질 있는 밤고구마, 100g)",대형마트,518
2024-12-20,"고구마(껍질 있는 밤고구마, 100g)",백화점,811
2024-12-20,"고구마(껍질 있는 밤고구마, 100g)",기업형슈퍼,661
2024-12-20,양송이버섯(100g),대형마트,2040
2024-12-20,양송이버섯(100g),백화점,4375
2024-12-20,양송이버섯(100g),기업형슈퍼,2762
2024-12-20,양송이버섯(100g),편의점,2685
2024-12-20,풋고추(100g),대형마트,1458
2024-12-20,풋고추(100g),백화점,2867
2024-12-20,풋고추(100g),기업형슈퍼,2234
2024-12-20,풋고추(100g),편의점,1666
2024-12-20,애호박,대형마트,2064
2024-12-20,애호박,백화점,2697
2024-12-20,애호박,기업형슈퍼,2455
2024-12-20,애호박,편의점,2900
2024-12-20,"대파(흙대파, 500~800g)",대형마트,3280
2024-12-20,"대파(흙대파, 500~800g)",백화점,5113
2024-12-20,"대파(흙대파, 500~800g)",기업형슈퍼,4235
2024-12-20,"마늘(깐마늘, 100g)",대형마트,1409
2024-12-20,"마늘(깐마늘, 100g)",백화점,2045
2024-12-20,"마늘(깐마늘, 100g)",기업형슈퍼,1465
2024-12-20,정통크림빵(3개입),대형마트,4080
2024-12-20,정통크림빵(3개입),백화점,3950
2024-12-20,정통크림빵(3개입),기업형슈퍼,3580
2024-12-20,정통크림빵(3개입),편의점,3300
2024-12-20,"갈치(냉동, 100g)",대형마트,1762
2024-12-20,"갈치(냉동, 100g)",백화점,3400
2024-12-20,"갈치(냉동, 100g)",기업형슈퍼,2084
2024-12-20,참조기(200~400g),대형마트,2484
2024-12-20,"오징어(냉동, 200~300g)",대형마트,5450
2024-12-20,"오징어(냉동, 200~300g)",백화점,7375
2024-12-20,"오징어(냉동, 200~300g)",기업형슈퍼,3300
2024-12-20,"고구마(껍질 있는 호박고구마, 100g)",대형마트,644
2024-12-20,"고구마(껍질 있는 호박고구마, 100g)",백화점,1254
2024-12-20,"고구마(껍질 있는 호박고구마, 100g)",기업형슈퍼,843
2024-12-20,느타리버섯(100g),대형마트,470
2024-12-20,느타리버섯(100g),백화점,1100
2024-12-20,느타리버섯(100g),기업형슈퍼,967
2024-12-20,오이(백다다기),대형마트,1303
2024-12-20,오이(백다다기),백화점,2310
2024-12-20,오이(백다다기),기업형슈퍼,1766
2024-12-20,오이(백다다기),편의점,1250
2024-12-20,국산콩두부 찌개용(380g),대형마트,5480
2024-12-20,국산콩두부 찌개용(380g),백화점,4200
2024-12-20,국산콩두부 찌개용(380g),기업형슈퍼,2750
2024-12-20,행복한콩 찌개두부(300g),대형마트,1580
2024-12-20,행복한콩 찌개두부(300g),백화점,1417
2024-12-20,행복한콩 찌개두부(300g),기업형슈퍼,1698
2024-12-20,행복한콩 찌개두부(300g),편의점,1800
2024-12-20,행복한콩 부침두부(300g),대형마트,1680
2024-12-20,행복한콩 부침두부(300g),백화점,1445
2024-12-20,행복한콩 부침두부(300g),기업형슈퍼,1700
2024-12-20,행복한콩 부침두부(300g),편의점,1900
2024-12-20,삼립호떡 미니꿀호떡(16개입),대형마트,4180
2024-12-20,삼립호떡 미니꿀호떡(16개입),백화점,4000
2024-12-20,삼립호떡 미니꿀호떡(16개입),기업형슈퍼,3285
2024-12-20,보노 포르치니버섯스프(3개입),대형마트,3350
2024-12-20,보노 포르치니버섯스프(3개입),백화점,3018
2024-12-20,보노 포르치니버섯스프(3개입),기업형슈퍼,3611
2024-12-20,보노 포르치니버섯스프(3개입),편의점,3750
2024-12-20,청정원 옛날식 짜장(180g),백화점,2101
2024-12-20,청정원 옛날식 짜장(180g),기업형슈퍼,1500
2024-12-20,청정원 카레여왕 비프카레(160g),백화점,2537
2024-12-20,청정원 카레여왕 비프카레(160g),기업형슈퍼,2580
2024-12-20,오뚜기밥(3개입),백화점,4130
2024-12-20,오뚜기밥(3개입),기업형슈퍼,3338
2024-12-20,오뚜기밥(3개입),편의점,4400
2024-12-20,햇반(3개입),백화점,4599
2024-12-20,햇반(3개입),기업형슈퍼,6180
2024-12-20,햇반(3개입),편의점,4000
2024-12-20,오리온 포카칩 오리지널(66g),대형마트,1360
2024-12-20,오리온 포카칩 오리지널(66g),백화점,1711
2024-12-20,오리온 포카칩 오리지널(66g),기업형슈퍼,1480
2024-12-20,오리온 포카칩 오리지널(66g),편의점,1700
2024-12-20,빙그레 떡붕어 싸만코(150ml),대형마트,1200
2024-12-20,빙그레 떡붕어 싸만코(150ml),백화점,1200
2024-12-20,빙그레 떡붕어 싸만코(150ml),기업형슈퍼,1200
2024-12-20,빙그레 떡붕어 싸만코(150ml),편의점,2200
2024-12-20,돼지바(70ml),대형마트,600
2024-12-20,돼지바(70ml),백화점,875
2024-12-20,돼지바(70ml),기업형슈퍼,948
2024-12-20,돼지바(70ml),편의점,1200
2024-12-20,해태 바밤바(70ml),대형마트,600
2024-12-20,해태 바밤바(70ml),기업형슈퍼,700
2024-12-20,해태 바밤바(70ml),편의점,1500
2024-12-20,농심 새우깡(90g),대형마트,1100
2024-12-20,농심 새우깡(90g),백화점,1336
2024-12-20,농심 새우깡(90g),기업형슈퍼,1289
2024-12-20,농심 새우깡(90g),편의점,1400
2024-12-20,오리온 초코파이(18개입),대형마트,6480
2024-12-20,오리온 초코파이(18개입),백화점,6490
2024-12-20,오리온 초코파이(18개입),기업형슈퍼,5981
2024-12-20,농심 신라면 큰사발면(114g),대형마트,1160
2024-12-20,농심 신라면 큰사발면(114g),백화점,1350
2024-12-20,농심 신라면 큰사발면(114g),기업형슈퍼,1313
2024-12-20,농심 신라면 큰사발면(114g),편의점,1400
2024-12-20,오뚜기 참깨라면 컵(110g),대형마트,1200
2024-12-20,오뚜기 참깨라면 컵(110g),백화점,1318
2024-12-20,오뚜기 참깨라면 컵(110g),기업형슈퍼,1293
2024-12-20,오뚜기 참깨라면 컵(110g),편의점,1700
2024-12-20,팔도 왕뚜껑(110g),대형마트,975
2024-12-20,팔도 왕뚜껑(110g),백화점,1400
2024-12-20,팔도 왕뚜껑(110g),기업형슈퍼,1124
2024-12-20,팔도 왕뚜껑(110g),편의점,1400
2024-12-20,오뚜기 옛날 사골곰탕(350g),백화점,1440
2024-12-20,오뚜기 옛날 사골곰탕(350g),기업형슈퍼,1480
2024-12-20,오뚜기 옛날 사골곰탕(350g),편의점,1500
2024-12-20,오뚜기 옛날 육개장(300g),백화점,1590
2024-12-20,오뚜기 옛날 육개장(300g),기업형슈퍼,1452
2024-12-20,오뚜기 옛날 육개장(300g),편의점,1500
2024-12-20,비비고 사골곰탕(500g),대형마트,1514
2024-12-20,비비고 사골곰탕(500g),백화점,1595
2024-12-20,비비고 사골곰탕(500g),기업형슈퍼,2168
2024-12-20,비비고 사골곰탕(500g),편의점,2567
2024-12-20,비비고 육개장(500g),대형마트,5480
2024-12-20,비비고 육개장(500g),백화점,4440
2024-12-20,비비고 육개장(500g),기업형슈퍼,5730
2024-12-20,비비고 육개장(500g),편의점,5900
2024-12-20,햇반 컵반 미역국밥(167g),대형마트,2490
2024-12-20,햇반 컵반 미역국밥(167g),백화점,2868
2024-12-20,햇반 컵반 미역국밥(167g),기업형슈퍼,4094
2024-12-20,햇반 컵반 미역국밥(167g),편의점,4800
2024-12-20,닥터유 에너지바(40g),대형마트,1020
2024-12-20,닥터유 에너지바(40g),백화점,1233
2024-12-20,닥터유 에너지바(40g),기업형슈퍼,1014
2024-12-20,닥터유 에너지바(40g),편의점,1300
2024-12-20,닥터유 에너지바(4개입),대형마트,4320
2024-12-20,닥터유 에너지바(4개입),백화점,4386
2024-12-20,닥터유 에너지바(4개입),기업형슈퍼,3953
2024-12-20,닥터유 에너지바(4개입),편의점,4000
2024-12-20,켈로그 레드베리 에너지바(4개입),대형마트,4680
2024-12-20,켈로그 레드베리 에너지바(4개입),백화점,4700
2024-12-20,켈로그 레드베리 에너지바(4개입),기업형슈퍼,4680
2024-12-20,자유시간(36g),대형마트,980
2024-12-20,자유시간(36g),백화점,1490
2024-12-20,자유시간(36g),기업형슈퍼,1044
2024-12-20,자유시간(36g),편의점,1200
2024-12-20,자유시간(5개입),대형마트,4880
2024-12-20,자유시간(5개입),백화점,4500
2024-12-20,자유시간(5개입),기업형슈퍼,4980
2024-12-20,자유시간(5개입),편의점,2970
2024-12-20,핫브레이크 미니(715g),대형마트,13920
2024-12-20,핫브레이크 미니(715g),편의점,17400
2024-12-20,롯데 핫식스(250ml),백화점,1390
2024-12-20,롯데 핫식스(250ml),기업형슈퍼,971
2024-12-20,롯데 핫식스(250ml),편의점,1600
2024-12-20,레드불 에너지 드링크(250ml),대형마트,2280
2024-12-20,레드불 에너지 드링크(250ml),백화점,2605
2024-12-20,레드불 에너지 드링크(250ml),기업형슈퍼,2375
2024-12-20,레드불 에너지 드링크(250ml),편의점,2400
2024-12-20,몬스터 에너지(355ml),대형마트,2180
2024-12-20,몬스터 에너지(355ml),백화점,2430
2024-12-20,몬스터 에너지(355ml),기업형슈퍼,2446
2024-12-20,몬스터 에너지(355ml),편의점,2300
2024-12-20,깻잎(100g),대형마트,2607
2024-12-20,깻잎(100g),백화점,5612
2024-12-20,깻잎(100g),기업형슈퍼,4858
2024-12-20,깻잎(100g),편의점,7894
2024-12-20,적상추(100g),대형마트,1060
2024-12-20,적상추(100g),백화점,2127
2024-12-20,적상추(100g),기업형슈퍼,1976
2024-12-20,적상추(100g),편의점,1600
2024-12-20,양배추,대형마트,4555
2024-12-20,양배추,백화점,3250
2024-12-20,양배추,기업형슈퍼,4835
2024-12-20,쪽파(흙쪽파),대형마트,1288
2024-12-20,쪽파(흙쪽파),백화점,2784
2024-12-20,쪽파(흙쪽파),기업형슈퍼,2600
2024-12-20,홈키파 수성 에어졸(500ml),대형마트,4740
2024-12-20,홈키파 수성 에어졸(500ml),백화점,7300
2024-12-20,홈키파 수성 에어졸(500ml),기업형슈퍼,6900
2024-12-20,홈키파 수성 에어졸(500ml),편의점,8900
2024-12-20,컴배트 스피드 에어졸(500ml),대형마트,6900
2024-12-20,컴배트 스피드 에어졸(500ml),백화점,5655
2024-12-20,컴배트 스피드 에어졸(500ml),기업형슈퍼,6977
2024-12-20,컴배트 스피드 에어졸(500ml),편의점,7500
2024-12-20,에프킬라 에어로졸 무향(500ml),대형마트,5470
2024-12-20,에프킬라 에어로졸 무향(500ml),백화점,8400
2024-12-20,에프킬라 에어로졸 무향(500ml),기업형슈퍼,6100
2024-12-20,에프킬라 에어로졸 무향(500ml),편의점,8700
2024-12-20,오랄비 크로스액션(3개입),대형마트,11900
2024-12-20,오랄비 크로스액션(3개입),백화점,10809
2024-12-20,오랄비 크로스액션(3개입),기업형슈퍼,11900
2024-12-20,롯데 월드콘 바닐라(160ml),백화점,1000
2024-12-20,롯데 월드콘 바닐라(160ml),기업형슈퍼,1495
2024-12-20,롯데 월드콘 바닐라(160ml),편의점,1800
2024-12-20,펩시콜라(1.8L),대형마트,3180
2024-12-20,펩시콜라(1.8L),백화점,2500
2024-12-20,펩시콜라(1.8L),기업형슈퍼,2680
2024-12-20,풀무원 동물복지 목초란(대란 10개),대형마트,6985
2024-12-20,풀무원 동물복지 목초란(대란 10개),백화점,6880
2024-12-20,풀무원 동물복지 목초란(대란 10개),기업형슈퍼,6980
2024-12-20,풀무원 동물복지 목초란(대란 10개),편의점,7900
2024-12-20,목초를 먹고 자란 건강한 닭이 낳은 달걀(대란 15개),대형마트,8880
2024-12-20,목초를 먹고 자란 건강한 닭이 낳은 달걀(대란 15개),백화점,8826
2024-12-20,목초를 먹고 자란 건강한 닭이 낳은 달걀(대란 15개),기업형슈퍼,7741
2024-12-20,CJ 1+등급 건강란(대란 15개),기업형슈퍼,8980
2024-12-20,오리온 통아몬드 캔디(90g),대형마트,1580
2024-12-20,오리온 통아몬드 캔디(90g),백화점,1800
2024-12-20,오리온 통아몬드 캔디(90g),기업형슈퍼,1644
2024-12-20,오리온 통아몬드 캔디(90g),편의점,2000
2024-12-20,피죤 습기제로(8개입),백화점,9945
2024-12-20,피죤 습기제로(8개입),기업형슈퍼,9900
2024-12-20,청정원 카레여왕 구운마늘&양파(108g),대형마트,3480
2024-12-20,청정원 카레여왕 구운마늘&양파(108g),백화점,4732
2024-12-20,청정원 카레여왕 구운마늘&양파(108g),기업형슈퍼,4640
2024-12-20,청정원 카레여왕 구운마늘&양파(108g),편의점,4100
2024-12-20,돼지고기 목살(100g),대형마트,2448
2024-12-20,돼지고기 목살(100g),백화점,4608
2024-12-20,돼지고기 목살(100g),기업형슈퍼,3369
2024-12-20,돼지고기 목살(100g),편의점,3966
2024-12-20,부세(200~400g),대형마트,5140
2024-12-20,투게더 오리지널 바닐라(900ml),대형마트,6500
2024-12-20,투게더 오리지널 바닐라(900ml),백화점,5683
2024-12-20,투게더 오리지널 바닐라(900ml),기업형슈퍼,7182
2024-12-20,투게더 오리지널 바닐라(900ml),편의점,9800
2024-12-20,양반 들기름김 올리브김 복합기획(16팩),백화점,7512
2024-12-20,양반 들기름김 올리브김 복합기획(16팩),기업형슈퍼,7480
2024-12-20,들기름 재래 도시락김(12팩),백화점,7442
2024-12-20,들기름 재래 도시락김(12팩),기업형슈퍼,9898
2024-12-20,백설 콩기름(1.5L),대형마트,7400
2024-12-20,백설 콩기름(1.5L),백화점,7490
2024-12-20,백설 콩기름(1.5L),편의점,5700
2024-12-20,크린지퍼백(18cm x 20cm),대형마트,3180
2024-12-20,크린지퍼백(18cm x 20cm),백화점,3672
2024-12-20,크린지퍼백(18cm x 20cm),기업형슈퍼,3503
2024-12-20,크린지퍼백(18cm x 20cm),편의점,2000
2024-12-20,옛날 자른당면(300g),대형마트,4780
2024-12-20,옛날 자른당면(300g),백화점,4326
2024-12-20,옛날 자른당면(300g),기업형슈퍼,5141
2024-12-20,백설 자른 햇당면(300g),대형마트,3480
2024-12-20,백설 자른 햇당면(300g),백화점,3353
2024-12-20,백설 자른 햇당면(300g),기업형슈퍼,3694
2024-12-20,국산콩두부 부침용(380g),대형마트,5480
2024-12-20,국산콩두부 부침용(380g),백화점,4750
2024-12-20,백설 찰밀가루(1kg),대형마트,2550
2024-12-20,백설 찰밀가루(1kg),백화점,2653
2024-12-20,백설 찰밀가루(1kg),기업형슈퍼,2782
2024-12-20,백설 찰밀가루(1kg),편의점,2500
2024-12-20,백설 5가지 재료 부침가루(1kg),대형마트,3630
2024-12-20,백설 5가지 재료 부침가루(1kg),백화점,4133
2024-12-20,백설 5가지 재료 부침가루(1kg),기업형슈퍼,4368
2024-12-20,롯데 목캔디 허브민트(217g),대형마트,4380
2024-12-20,롯데 목캔디 허브민트(217g),백화점,4950
2024-12-20,롯데 목캔디 허브민트(217g),기업형슈퍼,4031
2024-12-20,롯데 목캔디 허브민트(217g),편의점,5500
2024-12-20,포테토칩 오리지날(125g),대형마트,2530
2024-12-20,포테토칩 오리지날(125g),백화점,2920
2024-12-20,포테토칩 오리지날(125g),기업형슈퍼,2787
2024-12-20,포테토칩 오리지날(125g),편의점,3600
2024-12-20,해태 오예스(12개입),대형마트,5280
2024-12-20,해태 오예스(12개입),백화점,5904
2024-12-20,해태 오예스(12개입),기업형슈퍼,5070
2024-12-20,해태 오예스(12개입),편의점,6600
2024-12-20,롯데 ABC 초코(187g),대형마트,4380
2024-12-20,롯데 ABC 초코(187g),백화점,5025
2024-12-20,롯데 ABC 초코(187g),기업형슈퍼,4929
2024-12-20,롯데 ABC 초코(187g),편의점,4800
2024-12-20,롯데 빅가나 마일드(110g),대형마트,3360
2024-12-20,롯데 빅가나 마일드(110g),백화점,3740
2024-12-20,롯데 빅가나 마일드(110g),편의점,4200
2024-12-20,오뚜기 간편 미역국(5개입),대형마트,3280
2024-12-20,오뚜기 간편 미역국(5개입),백화점,3465
2024-12-20,오뚜기 간편 미역국(5개입),편의점,3500
2024-12-20,오뚜기 간편 북엇국(5개입),대형마트,3280
2024-12-20,오뚜기 간편 북엇국(5개입),백화점,3465
2024-12-20,오뚜기 간편 북엇국(5개입),편의점,3000
2024-12-20,햇반(6개입),대형마트,6780
2024-12-20,햇반(6개입),백화점,7804
2024-12-20,햇반(6개입),기업형슈퍼,7604
2024-12-20,햇반(6개입),편의점,10575
2024-12-20,햇반 소프트밀 소고기죽(280g),대형마트,3480
2024-12-20,햇반 소프트밀 소고기죽(280g),백화점,3115
2024-12-20,햇반 소프트밀 소고기죽(280g),편의점,4500
2024-12-20,햇반 소프트밀 전복죽(280g),백화점,3115
2024-12-20,햇반 소프트밀 전복죽(280g),편의점,4500
2024-12-20,대림 게맛살 큰잔치(300g),대형마트,2780
2024-12-20,대림 게맛살 큰잔치(300g),백화점,2080
2024-12-20,오뚜기 컵밥 제육덮밥(310g),대형마트,2980
2024-12-20,오뚜기 컵밥 제육덮밥(310g),백화점,3407
2024-12-20,오뚜기 컵밥 제육덮밥(310g),기업형슈퍼,3735
2024-12-20,오뚜기 컵밥 제육덮밥(310g),편의점,4800
2024-12-20,대림선어묵 부산어묵 마당놀이(300g),대형마트,2780
2024-12-20,대림선어묵 부산어묵 마당놀이(300g),기업형슈퍼,2443
2024-12-20,대림선어묵 부산어묵 마당놀이(300g),편의점,2300
2024-12-20,삼호 안심 부산어묵(400g),대형마트,4680
2024-12-20,삼호 안심 부산어묵(400g),백화점,3980
2024-12-20,삼호 안심 부산어묵(400g),기업형슈퍼,4507
2024-12-20,삼호 안심 부산어묵(400g),편의점,4300
2024-12-20,사조참치 살코기 안심따개(4캔),대형마트,8980
2024-12-20,사조참치 살코기 안심따개(4캔),기업형슈퍼,9044
2024-12-20,동원참치 라이트스탠다드(4캔),대형마트,9480
2024-12-20,동원참치 라이트스탠다드(4캔),백화점,9332
2024-12-20,동원참치 라이트스탠다드(4캔),기업형슈퍼,9865
2024-12-20,동원참치 라이트스탠다드(4캔),편의점,9487
2024-12-20,양조간장 501(500ml),대형마트,5380
2024-12-20,양조간장 501(500ml),백화점,6065
2024-12-20,양조간장 501(500ml),기업형슈퍼,6067
2024-12-20,양조간장 501(500ml),편의점,6400
2024-12-20,큐원 하얀설탕(1kg),대형마트,2350
2024-12-20,큐원 하얀설탕(1kg),백화점,1850
2024-12-20,큐원 하얀설탕(1kg),기업형슈퍼,2896
2024-12-20,백설 구운소금(500g),백화점,2740
2024-12-20,청정원 미원 맛소금(500g),대형마트,2750
2024-12-20,청정원 미원 맛소금(500g),백화점,2738
2024-12-20,청정원 미원 맛소금(500g),기업형슈퍼,3314
2024-12-20,백설 건강발효 사과식초(800ml),대형마트,4280
2024-12-20,백설 건강발효 사과식초(800ml),백화점,4330
2024-12-20,백설 건강발효 사과식초(800ml),기업형슈퍼,4334
2024-12-20,백설 건강발효 현미식초(800ml),백화점,4330
2024-12-20,청정원 진한 토마토 케찹(500g),대형마트,3080
2024-12-20,청정원 진한 토마토 케찹(500g),백화점,3070
2024-12-20,청정원 진한 토마토 케찹(500g),기업형슈퍼,3580
2024-12-20,국순당 생막걸리(750ml),백화점,1900
2024-12-20,국순당 생막걸리(750ml),기업형슈퍼,1804
2024-12-20,국순당 생막걸리(750ml),편의점,2200
2024-12-20,하이트 엑스트라 콜드(500ml),백화점,2372
2024-12-20,하이트 엑스트라 콜드(500ml),편의점,2800
2024-12-20,테라(500ml),백화점,2435
2024-12-20,테라(500ml),기업형슈퍼,2250
2024-12-20,테라(500ml),편의점,2800
2024-12-20,달콤한 베지밀 비(16팩),대형마트,15200
2024-12-20,달콤한 베지밀 비(16팩),백화점,13800
2024-12-20,달콤한 베지밀 비(16팩),기업형슈퍼,15200
2024-12-20,달콤한 베지밀 비(16팩),편의점,16000
2024-12-20,오로나민C(10개입),대형마트,10440
2024-12-20,오로나민C(10개입),백화점,11477
2024-12-20,오로나민C(10개입),편의점,14000
2024-12-20,델몬트 오렌지(1.5L),대형마트,4980
2024-12-20,델몬트 오렌지(1.5L),백화점,4545
2024-12-20,델몬트 오렌지(1.5L),기업형슈퍼,4337
2024-12-20,델몬트 오렌지(1.5L),편의점,4967
2024-12-20,미닛메이드 오렌지(1.5L),대형마트,3280
2024-12-20,미닛메이드 오렌지(1.5L),백화점,3320
2024-12-20,미닛메이드 오렌지(1.5L),기업형슈퍼,3931
2024-12-20,바리스타룰스 콜드브루 블랙(325ml),대형마트,2950
2024-12-20,바리스타룰스 콜드브루 블랙(325ml),백화점,3025
2024-12-20,바리스타룰스 콜드브루 블랙(325ml),편의점,3300
2024-12-20,아카페라 스위트아메리카노(240ml),대형마트,1000
2024-12-20,아카페라 스위트아메리카노(240ml),백화점,2200
2024-12-20,아카페라 스위트아메리카노(240ml),편의점,1800
2024-12-20,카누 마일드 로스트 아메리카노(30개입),대형마트,12150
2024-12-20,카누 마일드 로스트 아메리카노(30개입),백화점,14067
2024-12-20,프렌치카페 카페믹스(220개입),기업형슈퍼,33870
2024-12-20,맥심 모카골드 마일드(200개입),대형마트,28420
2024-12-20,맥심 모카골드 마일드(200개입),백화점,37297
2024-12-20,맥심 모카골드 마일드(200개입),기업형슈퍼,32185
2024-12-20,맥심 모카골드 마일드(200개입),편의점,34500
2024-12-20,칠성사이다 제로(1.5L),대형마트,2980
2024-12-20,칠성사이다 제로(1.5L),백화점,3270
2024-12-20,칠성사이다 제로(1.5L),기업형슈퍼,2374
2024-12-20,칠성사이다 제로(1.5L),편의점,3900
2024-12-20,이오(5개),대형마트,2480
2024-12-20,이오(5개),백화점,2490
2024-12-20,이오(5개),기업형슈퍼,2500
2024-12-20,이오(5개),편의점,2750
2024-12-20,떠먹는 불가리스 딸기(4개),대형마트,3780
2024-12-20,떠먹는 불가리스 딸기(4개),백화점,3630
2024-12-20,떠먹는 불가리스 딸기(4개),기업형슈퍼,3780
2024-12-20,바이오 플레인 요거트(4개),대형마트,3980
2024-12-20,바이오 플레인 요거트(4개),백화점,3948
2024-12-20,요플레 오리지널(4개),대형마트,3780
2024-12-20,요플레 오리지널(4개),백화점,3800
2024-12-20,요플레 오리지널(4개),기업형슈퍼,3780
2024-12-20,요플레 오리지널(4개),편의점,3200
2024-12-20,불가리스 사과(4개),대형마트,5980
2024-12-20,불가리스 사과(4개),백화점,6025
2024-12-20,불가리스 사과(4개),기업형슈퍼,6000
2024-12-20,불가리스 사과(4개),편의점,8000
2024-12-20,앱솔루트 명작 3단계(800g),백화점,29700
2024-12-20,더 건강한 그릴후랑크(600g),대형마트,7980
2024-12-20,더 건강한 그릴후랑크(600g),백화점,8315
2024-12-20,더 건강한 그릴후랑크(600g),기업형슈퍼,8163
2024-12-20,더 건강한 그릴후랑크(600g),편의점,9400
2024-12-20,의성마늘 빅그릴 비엔나(600g),대형마트,8980
2024-12-20,의성마늘 빅그릴 비엔나(600g),백화점,9480
2024-12-20,매일우유 오리지널(900ml),대형마트,2960
2024-12-20,매일우유 오리지널(900ml),백화점,3343
2024-12-20,매일우유 오리지널(900ml),기업형슈퍼,3174
2024-12-20,매일우유 오리지널(900ml),편의점,3200
2024-12-20,주부9단 프랑크소시지(900g),대형마트,8980
2024-12-20,덴마크 짜지않은 치즈 오리지널(14매),대형마트,4980
2024-12-20,덴마크 짜지않은 치즈 오리지널(14매),백화점,7425
2024-12-20,덴마크 짜지않은 치즈 오리지널(14매),기업형슈퍼,9992
2024-12-20,드빈치 뼈가튼튼 고칼슘치즈(15매),기업형슈퍼,9886
2024-12-20,스팸 클래식(200g),대형마트,5080
2024-12-20,스팸 클래식(200g),백화점,3639
2024-12-20,스팸 클래식(200g),기업형슈퍼,5120
2024-12-20,스팸 클래식(200g),편의점,6200
2024-12-20,의성마늘 한입슬라이스햄(60g),대형마트,1980
2024-12-20,의성마늘 한입슬라이스햄(60g),백화점,1965
2024-12-20,마미손 고무장갑 중(2세트),대형마트,4880
2024-12-20,피죤 섬유유연제 핑크로즈(2.1L),대형마트,3500
2024-12-20,피죤 섬유유연제 핑크로즈(2.1L),백화점,4083
2024-12-20,때가 쏙 비트 분말세제(6kg),대형마트,16900
2024-12-20,물먹는하마(3개입),백화점,4742
2024-12-20,물먹는하마(3개입),편의점,6000
2024-12-20,크린롤백(25cm x 35cm),대형마트,6052
2024-12-20,크린롤백(25cm x 35cm),백화점,6563
2024-12-20,크린롤백(25cm x 35cm),기업형슈퍼,6088
2024-12-20,손잡이 크린백(35cm x 45cm),대형마트,5480
2024-12-20,손잡이 크린백(35cm x 45cm),백화점,5600
2024-12-20,지퍼락 지퍼백 냉장 중형(20매),대형마트,3300
2024-12-20,지퍼락 지퍼백 냉장 중형(20매),백화점,3300
2024-12-20,지퍼락 지퍼백 냉장 중형(20매),기업형슈퍼,3480
2024-12-20,지퍼락 지퍼백 냉장 중형(20매),편의점,3300
2024-12-20,자연퐁 솔잎(490ml),대형마트,5500
2024-12-20,자연퐁 솔잎(490ml),백화점,5392
2024-12-20,자연퐁 솔잎(490ml),기업형슈퍼,4900
2024-12-20,자연퐁 솔잎(490ml),편의점,4600
2024-12-20,메소드 주방세제 핑크(532ml),백화점,7183
2024-12-20,무균무때 세정제 욕실용(900ml),백화점,5900
2024-12-20,무균무때 세정제 욕실용(900ml),기업형슈퍼,8022
2024-12-20,홈스타 락스와세제 후로랄파인(750ml),대형마트,5200
2024-12-20,홈스타 락스와세제 후로랄파인(750ml),백화점,3999
2024-12-20,홈스타 락스와세제 후로랄파인(750ml),기업형슈퍼,3812
2024-12-20,홈스타 락스와세제 후로랄파인(750ml),편의점,4500
2024-12-20,유한락스 욕실청소용(1800ml),대형마트,9900
2024-12-20,유한락스 욕실청소용(1800ml),백화점,6900
2024-12-20,크리넥스 안심 키친타월(6롤),대형마트,8600
2024-12-20,가그린 오리지널(750ml),대형마트,8700
2024-12-20,가그린 오리지널(750ml),백화점,8300
2024-12-20,가그린 오리지널(750ml),기업형슈퍼,6043
2024-12-20,리스테린 쿨민트(750ml),대형마트,9900
2024-12-20,리스테린 쿨민트(750ml),백화점,9645
2024-12-20,리스테린 쿨민트(750ml),기업형슈퍼,8932
2024-12-20,리스테린 쿨민트(750ml),편의점,12400
2024-12-20,닥터아토 트리플 히알루론 모이스춰 로션(310ml),대형마트,23900
2024-12-20,닥터아토 트리플 히알루론 모이스춰 로션(310ml),백화점,23900
2024-12-20,그린핑거 촉촉한자연보습 베이비로션(320ml),대형마트,25200
2024-12-20,그린핑거 촉촉한자연보습 베이비로션(320ml),백화점,19500
2024-12-20,프로쉴드 옐로우 면도날(4개),대형마트,33200
2024-12-20,프로쉴드 옐로우 면도날(4개),백화점,33200
2024-12-20,오가니스트 히말라야 핑크솔트 바디워시 리프레싱 민트향(865ml),대형마트,11175
2024-12-20,오가니스트 히말라야 핑크솔트 바디워시 리프레싱 민트향(865ml),백화점,7803
2024-12-20,오가니스트 히말라야 핑크솔트 바디워시 리프레싱 민트향(865ml),기업형슈퍼,9755
2024-12-20,도브 뷰티 너리싱 바디워시(1L),대형마트,13400
2024-12-20,도브 뷰티 너리싱 바디워시(1L),백화점,10800
2024-12-20,도브 뷰티 너리싱 바디워시(1L),기업형슈퍼,8704
2024-12-20,도브 센스티브 스킨 바디워시(1L),대형마트,13900
2024-12-20,도브 센스티브 스킨 바디워시(1L),백화점,11652
2024-12-20,도브 센스티브 스킨 바디워시(1L),기업형슈퍼,8704
2024-12-20,미쟝센 퍼펙트 오리지널 세럼 샴푸(680ml),대형마트,8900
2024-12-20,미쟝센 퍼펙트 오리지널 세럼 샴푸(680ml),백화점,12283
2024-12-20,미쟝센 퍼펙트 오리지널 세럼 샴푸(680ml),기업형슈퍼,9802
2024-12-20,미쟝센 퍼펙트 오리지널 세럼 샴푸(680ml),편의점,17000
2024-12-20,엘라스틴 모로칸 아르간 오일 집중영양 샴푸(680ml),대형마트,6950
2024-12-20,엘라스틴 모로칸 아르간 오일 집중영양 샴푸(680ml),백화점,7528
2024-12-20,엘라스틴 모로칸 아르간 오일 집중영양 샴푸(680ml),편의점,9900
2024-12-20,케라시스 데미지 클리닉 오리지널 샴푸(750ml),대형마트,6980
2024-12-20,케라시스 데미지 클리닉 오리지널 샴푸(750ml),백화점,6345
2024-12-20,케라시스 데미지 클리닉 오리지널 샴푸(750ml),기업형슈퍼,6319
2024-12-20,랩신 핸드워시 센서티브(250ml),대형마트,6900
2024-12-20,랩신 핸드워시 센서티브(250ml),백화점,4609
2024-12-20,랩신 핸드워시 센서티브(250ml),편의점,7900
2024-12-20,메디안 치석 치약 오리지널(3개),대형마트,11900
2024-12-20,메디안 치석 치약 오리지널(3개),백화점,7981
2024-12-20,메디안 치석 치약 오리지널(3개),기업형슈퍼,6428
2024-12-20,메디안 치석 치약 오리지널(3개),편의점,11000
2024-12-20,페리오 토탈7 칫솔 힘있는 미세모(4개),대형마트,12900
2024-12-20,페리오 토탈7 칫솔 힘있는 미세모(4개),백화점,8048
2024-12-20,페리오 토탈7 칫솔 힘있는 미세모(4개),기업형슈퍼,9662
2024-12-20,페리오 토탈7 칫솔 힘있는 미세모(4개),편의점,12900
2024-12-20,깨끗한나라 순수 시그니쳐 3겹(30롤),백화점,18900
2024-12-20,깨끗한나라 순수 시그니쳐 3겹(30롤),기업형슈퍼,18900
2024-12-20,동원 양반 쇠고기죽(287.5g),대형마트,3980
2024-12-20,동원 양반 쇠고기죽(287.5g),백화점,2597
2024-12-20,동원 양반 쇠고기죽(287.5g),기업형슈퍼,4231
2024-12-20,동원 양반 쇠고기죽(287.5g),편의점,4500
2024-12-20,동원 양반 전복죽(287.5g),대형마트,3980
2024-12-20,동원 양반 전복죽(287.5g),백화점,2943
2024-12-20,동원 양반 전복죽(287.5g),기업형슈퍼,3748
2024-12-20,동원 양반 전복죽(287.5g),편의점,4500
2024-12-20,동원 싱싱맛살 실속(500g),대형마트,3980
2024-12-20,동원 싱싱맛살 실속(500g),백화점,3990
2024-12-20,제주 위트 에일(500ml),대형마트,3000
2024-12-20,제주 위트 에일(500ml),백화점,3083
2024-12-20,제주 위트 에일(500ml),기업형슈퍼,2999
2024-12-20,제주 위트 에일(500ml),편의점,4300
2024-12-20,다우니 고농축 섬유유연제 프레시클린(2L),대형마트,19600
2024-12-20,페브리즈 상쾌한향(370ml),대형마트,7500
2024-12-20,페브리즈 상쾌한향(370ml),백화점,6880
2024-12-20,페브리즈 상쾌한향(370ml),기업형슈퍼,7249
2024-12-20,페브리즈 상쾌한향(370ml),편의점,11000
2024-12-20,페브리즈 상쾌한향(900ml),대형마트,14900
2024-12-20,페브리즈 상쾌한향(900ml),백화점,14304
2024-12-20,코디 키친타월(6롤),대형마트,5900
2024-12-20,코디 키친타월(6롤),백화점,7110
2024-12-20,청정원 오리엔탈 드레싱(325g),대형마트,3580
2024-12-20,청정원 오리엔탈 드레싱(325g),백화점,3533
2024-12-20,청정원 오리엔탈 드레싱(325g),기업형슈퍼,3787
2024-12-20,청정원 오리엔탈 드레싱(325g),편의점,4600
2024-12-20,청정원 발사믹 드레싱(325g),대형마트,3590
2024-12-20,청정원 발사믹 드레싱(325g),백화점,3518
2024-12-20,청정원 발사믹 드레싱(325g),기업형슈퍼,3649
2024-12-20,청정원 발사믹 드레싱(325g),편의점,4050
2024-12-20,마주앙 레드(750ml),편의점,15900
2024-12-20,진로 와인(500ml),대형마트,2250
2024-12-20,진로 와인(500ml),백화점,2500
2024-12-20,진로 와인(500ml),기업형슈퍼,2699
2024-12-20,진로 와인(500ml),편의점,2850
2024-12-20,크리넥스 KF94 와이드핏 마스크 대형,백화점,1050
2024-12-20,크리넥스 KF94 와이드핏 마스크 대형,편의점,1800
2024-12-20,밥이보약 DOG 튼튼한관절(2kg),대형마트,25800
2024-12-20,밥이보약 DOG 튼튼한관절(2kg),편의점,23220
2024-12-20,밥이보약 CAT 걱정없는 헤어볼(2kg),대형마트,27800
2024-12-20,밥이보약 CAT 걱정없는 헤어볼(2kg),편의점,25020
2024-12-20,탕종숙식빵(420g),대형마트,2880
2024-12-20,탕종숙식빵(420g),백화점,3200
2024-12-20,탕종숙식빵(420g),편의점,3300
2024-12-20,비타파워(20개입),대형마트,10836
2024-12-20,비타파워(20개입),백화점,11900
2024-12-20,비타파워(20개입),기업형슈퍼,7859
2024-12-20,비타파워(20개입),편의점,12700
2024-12-20,삼다수(2L*6개),백화점,7140
2024-12-20,삼다수(2L*6개),기업형슈퍼,6318
2024-12-20,삼다수(2L*6개),편의점,11700
2024-12-20,삼다수(500ml*20개),백화점,11593
2024-12-20,삼다수(500ml*20개),기업형슈퍼,10848
2024-12-20,삼다수(500ml*20개),편의점,22000
2024-12-20,칸타타 프리미엄 라떼(275ml),대형마트,2380
2024-12-20,칸타타 프리미엄 라떼(275ml),백화점,1955
2024-12-20,칸타타 프리미엄 라떼(275ml),기업형슈퍼,2432
2024-12-20,칸타타 프리미엄 라떼(275ml),편의점,2500
2024-12-20,머거본 알땅콩(135g),백화점,2700
2024-12-20,머거본 알땅콩(135g),편의점,4900
2024-12-20,비비고 왕교자(1.12kg),대형마트,10480
2024-12-20,오뚜기 진한 쇠고기미역국밥(314g),대형마트,2780
2024-12-20,오뚜기 진한 쇠고기미역국밥(314g),백화점,3465
2024-12-20,오뚜기 진한 쇠고기미역국밥(314g),기업형슈퍼,4019
2024-12-20,오뚜기 진한 쇠고기미역국밥(314g),편의점,4800
2024-12-20,햇반 컵반 철판제육덮밥(256g),대형마트,2490
2024-12-20,햇반 컵반 철판제육덮밥(256g),백화점,2620
2024-12-20,햇반 컵반 철판제육덮밥(256g),기업형슈퍼,4090
2024-12-20,햇반 컵반 철판제육덮밥(256g),편의점,4800
2024-12-20,해태 부라보콘 바닐라(160ml),대형마트,1200
2024-12-20,해태 부라보콘 바닐라(160ml),기업형슈퍼,1200
2024-12-20,해태 부라보콘 바닐라(160ml),편의점,2200
2024-12-20,진간장 금F3(860ml),대형마트,6550
2024-12-20,진간장 금F3(860ml),백화점,7281
2024-12-20,진간장 금F3(860ml),기업형슈퍼,7327
2024-12-20,진간장 금F3(860ml),편의점,4800
2024-12-20,복음자리 딸기잼(380g),대형마트,6980
2024-12-20,복음자리 딸기잼(380g),기업형슈퍼,6989
2024-12-20,복음자리 딸기잼(380g),편의점,7400
2024-12-20,파워에이드 마운틴블라스트(600ml),대형마트,1550
2024-12-20,파워에이드 마운틴블라스트(600ml),백화점,1940
2024-12-20,파워에이드 마운틴블라스트(600ml),기업형슈퍼,1887
2024-12-20,파워에이드 마운틴블라스트(600ml),편의점,2300
2024-12-20,남양유업 맛있는우유GT(900ml),대형마트,2970
2024-12-20,남양유업 맛있는우유GT(900ml),백화점,2980
2024-12-20,남양유업 맛있는우유GT(900ml),기업형슈퍼,3054
2024-12-20,남양유업 맛있는우유GT(900ml),편의점,3200
2024-12-20,파스퇴르우유 후레쉬(900ml),대형마트,4180
2024-12-20,파스퇴르우유 후레쉬(900ml),백화점,4051
2024-12-20,파스퇴르우유 후레쉬(900ml),기업형슈퍼,3988
2024-12-20,파스퇴르우유 후레쉬(900ml),편의점,2750
2024-12-20,스파크 분말세제(3kg),백화점,12700
2024-12-20,스파크 분말세제(3kg),편의점,11000
2024-12-20,크리넥스 KF-AD 라이트핏 쿨마스크 대형(15매),대형마트,8900
2024-12-20,크리넥스 KF-AD 라이트핏 쿨마스크 대형(15매),백화점,7970
2024-12-20,CJ 행복한콩 안심아삭 콩나물(380g),대형마트,1880
2024-12-20,CJ 행복한콩 안심아삭 콩나물(380g),백화점,1840
2024-12-20,CJ 행복한콩 안심아삭 콩나물(380g),기업형슈퍼,1702
2024-12-20,CJ 행복한콩 안심아삭 콩나물(380g),편의점,1900
2024-12-20,안성탕면(5개입),대형마트,3700
2024-12-20,안성탕면(5개입),백화점,4230
2024-12-20,안성탕면(5개입),기업형슈퍼,3834
2024-12-20,안성탕면(5개입),편의점,4500
2024-12-20,너구리(5개입),대형마트,4500
2024-12-20,너구리(5개입),백화점,5379
2024-12-20,너구리(5개입),기업형슈퍼,4706
2024-12-20,너구리(5개입),편의점,5500
2024-12-20,열라면(5개입),대형마트,3580
2024-12-20,열라면(5개입),백화점,3510
2024-12-20,열라면(5개입),기업형슈퍼,3580
2024-12-20,열라면(5개입),편의점,4750
2024-12-20,진라면 매운맛(5개입),대형마트,3580
2024-12-20,진라면 매운맛(5개입),백화점,3481
2024-12-20,진라면 매운맛(5개입),기업형슈퍼,3580
2024-12-20,진라면 매운맛(5개입),편의점,4750
2024-12-20,틈새라면(5개입),대형마트,4834
2024-12-20,틈새라면(5개입),백화점,6000
2024-12-20,틈새라면(5개입),기업형슈퍼,4250
2024-12-20,맛있는라면(5개입),대형마트,4730
2024-12-20,맛있는라면(5개입),백화점,5125
2024-12-20,맛있는라면(5개입),기업형슈퍼,5355
2024-12-20,맛있는라면(5개입),편의점,5750
2024-12-20,백설 박력 밀가루(1kg),대형마트,2350
2024-12-20,백설 박력 밀가루(1kg),백화점,2620
2024-12-20,백설 박력 밀가루(1kg),기업형슈퍼,2830
2024-12-20,백설 박력 밀가루(1kg),편의점,2300
2024-12-20,백설 중력 밀가루(1kg),대형마트,1710
2024-12-20,백설 중력 밀가루(1kg),백화점,2044
2024-12-20,백설 중력 밀가루(1kg),기업형슈퍼,1840
2024-12-20,백설 중력 밀가루(1kg),편의점,2500
2024-12-20,곰표 우리밀밀가루 중력분(900g),대형마트,3280
2024-12-20,곰표 우리밀밀가루 중력분(900g),백화점,3380
2024-12-20,큐원 중력 밀가루(1kg),백화점,1830
2024-12-20,큐원 중력 밀가루(1kg),기업형슈퍼,1480
2024-12-20,큐원 박력 밀가루(1kg),대형마트,2350
2024-12-20,큐원 박력 밀가루(1kg),백화점,1900
2024-12-20,큐원 강력 밀가루(1kg),대형마트,2350
2024-12-20,큐원 강력 밀가루(1kg),백화점,2000
2024-12-20,해표 우리밀 밀가루(750g),백화점,3730
2024-12-20,풀무원 고칼슘 꼬마약과(200g),백화점,4500
2024-12-20,삼립 미니꿀약과(500g),대형마트,4980
2024-12-20,담미정약과(200g),대형마트,2780
2024-12-20,담미정 조청유과(200g),대형마트,8570
2024-12-20,담미정 조청유과(200g),백화점,6500
2024-12-20,호정가 조청유과(200g),백화점,5750
2024-12-20,호정가 조청유과(200g),기업형슈퍼,5982
2024-12-20,하리보 골드베렌 젤리(250g),대형마트,5680
2024-12-20,하리보 골드베렌 젤리(250g),백화점,6000
2024-12-20,하리보 골드베렌 젤리(250g),기업형슈퍼,5840
2024-12-20,후르트텔라 요구르트향(100g),백화점,2700
2024-12-20,더 탱글 마이구미(372.4g),대형마트,4980
2024-12-20,더 탱글 마이구미(372.4g),백화점,5580
2024-12-20,더 탱글 마이구미(372.4g),편의점,6000
2024-12-20,박카스맛 젤리(50g),대형마트,1480
2024-12-20,박카스맛 젤리(50g),백화점,1200
2024-12-20,박카스맛 젤리(50g),편의점,1500
2024-12-20,비타500 젤리(48g),대형마트,1170
2024-12-20,비타500 젤리(48g),편의점,1350
2024-12-20,오리온 왕꿈틀이(67g),대형마트,800
2024-12-20,오리온 왕꿈틀이(67g),백화점,900
2024-12-20,오리온 왕꿈틀이(67g),편의점,1000
2024-12-20,동원 황도 슬라이스(400g),대형마트,2980
2024-12-20,동원 황도 슬라이스(400g),백화점,2730
2024-12-20,동원 황도 슬라이스(400g),기업형슈퍼,3480
2024-12-20,오뚜기 황도(400g),대형마트,2980
2024-12-20,오뚜기 황도(400g),백화점,3310
2024-12-20,오뚜기 황도(400g),기업형슈퍼,3606
2024-12-20,오뚜기 황도(400g),편의점,4133
2024-12-20,델몬트 후레쉬컷 슬라이스 파인애플(836g),대형마트,4480
2024-12-20,델몬트 후레쉬컷 슬라이스 파인애플(836g),백화점,5800
2024-12-20,델몬트 후레쉬컷 슬라이스 파인애플(836g),기업형슈퍼,5219
2024-12-20,델몬트 후레쉬컷 슬라이스 파인애플(836g),편의점,6000
2024-12-20,Dole 파인애플 슬라이스(836g),대형마트,4980
2024-12-20,Dole 파인애플 슬라이스(836g),백화점,5480
2024-12-20,맘마밀 안심이유식 표고버섯과소고기(100g),대형마트,2980
2024-12-20,맘마밀 안심이유식 표고버섯과소고기(100g),백화점,2700
2024-12-20,아이꼬야 맘스쿠킹 소고기와두부진밥(100g),대형마트,3200
2024-12-20,아이꼬야 맘스쿠킹 소고기와두부진밥(100g),백화점,2600
2024-12-20,아이얌 아기밀 한우표고야채진밥(100g),대형마트,3200
2024-12-20,처음먹는 단호박 퓨레(80g),대형마트,2700
2024-12-20,처음먹는 단호박 퓨레(80g),백화점,2700
2024-12-20,양반 포기김치(1.9kg),대형마트,16800
2024-12-20,양반 포기김치(1.9kg),백화점,25000
2024-12-20,풀무원 톡톡 포기김치(3.3kg),대형마트,34800
2024-12-20,하선정 포기김치(2.5kg),백화점,19800
2024-12-20,비비고 포기배추김치(3.3kg),대형마트,32300
2024-12-20,비비고 포기배추김치(3.3kg),백화점,33553
2024-12-20,오뚜기 옛날 미역(100g),백화점,3980
2024-12-20,오뚜기 옛날 미역(100g),기업형슈퍼,4995
2024-12-20,오뚜기 옛날 미역(100g),편의점,4000
2024-12-20,오뚜기 옛날 자른미역(50g),대형마트,2800
2024-12-20,오뚜기 옛날 자른미역(50g),백화점,2580
2024-12-20,오뚜기 옛날 자른미역(50g),기업형슈퍼,2848
2024-12-20,오뚜기 옛날 자른미역(50g),편의점,2733
2024-12-20,풀무원 자른미역(50g),백화점,2980
2024-12-20,아침에 건져올린 기장미역(70g),대형마트,3980
2024-12-20,한성 오징어젓갈(150g),대형마트,6980
2024-12-20,한성 오징어젓갈(150g),백화점,9980
2024-12-20,한성 오징어젓갈(150g),기업형슈퍼,6158
2024-12-20,한성 낙지젓갈(150g),대형마트,8480
2024-12-20,한성 낙지젓갈(150g),백화점,11980
2024-12-20,한성 낙지젓갈(150g),기업형슈퍼,7234
2024-12-20,정성식품 오징어젓(400g),대형마트,10680
2024-12-20,정성식품 백명란젓(300g),대형마트,10680
2024-12-20,동원 낙지젓(180g),기업형슈퍼,6990
2024-12-20,동원 낙지젓(180g),편의점,8900
2024-12-20,햇님마을 국산 청양 고춧가루(130g),백화점,11000
2024-12-20,종가 국산 고춧가루 순한맛(200g),백화점,14478
2024-12-20,종가 국산 고춧가루 매운맛(200g),백화점,15238
2024-12-20,종가 국산 고춧가루 매운맛(200g),편의점,17900
2024-12-20,청정원 서해안 까나리액젓 골드(750g),대형마트,5000
2024-12-20,청정원 서해안 까나리액젓 골드(750g),백화점,4813
2024-12-20,청정원 서해안 까나리액젓 골드(750g),기업형슈퍼,5474
2024-12-20,청정원 서해안 까나리액젓 골드(750g),편의점,6300
2024-12-20,청정원 서해안 까나리액젓 골드(250g),대형마트,1600
2024-12-20,청정원 서해안 까나리액젓 골드(250g),백화점,1640
2024-12-20,하선정 까나리액젓(800g),대형마트,5280
2024-12-20,하선정 까나리액젓(800g),백화점,5044
2024-12-20,하선정 까나리액젓(800g),기업형슈퍼,5901
2024-12-20,하선정 까나리액젓(400g),대형마트,3080
2024-12-20,하선정 까나리액젓(400g),백화점,3282
2024-12-20,하선정 까나리액젓(400g),편의점,2000
2024-12-20,아름찬 3년숙성 국산 까나리액젓(1kg),대형마트,5980
2024-12-20,아름찬 3년숙성 국산 까나리액젓(1kg),백화점,5980
2024-12-20,하선정 멸치액젓 골드(800g),대형마트,5280
2024-12-20,하선정 멸치액젓 골드(800g),백화점,5154
2024-12-20,하선정 멸치액젓 골드(800g),기업형슈퍼,5790
2024-12-20,하선정 멸치액젓 골드(400g),백화점,3220
2024-12-20,하선정 멸치액젓 골드(400g),편의점,3500
2024-12-20,청정원 대나무숙성 멸치액젓(750g),대형마트,3960
2024-12-20,청정원 대나무숙성 멸치액젓(750g),백화점,4200
2024-12-20,청정원 대나무숙성 멸치액젓(750g),기업형슈퍼,4687
2024-12-20,청정원 남해안 멸치액젓 골드(750g),백화점,5000
2024-12-20,청정원 남해안 멸치액젓 골드(750g),기업형슈퍼,5280
2024-12-20,청정원 남해안 멸치액젓 골드(750g),편의점,6300
2024-12-20,아름찬 3년숙성 국산 멸치액젓(1kg),백화점,5980
2024-12-20,큐원 요리 올리고당(1.2kg),대형마트,5480
2024-12-20,청정원 물엿(1.2kg),백화점,4673
2024-12-20,오뚜기 옛날 물엿(1.2kg),대형마트,4680
2024-12-20,오뚜기 옛날 물엿(1.2kg),백화점,4575
2024-12-20,오뚜기 옛날 물엿(1.2kg),기업형슈퍼,5457
2024-12-20,오뚜기 옛날 물엿(1.2kg),편의점,3850
2024-12-20,백설 요리 올리고당(1.2kg),대형마트,6480
2024-12-20,백설 요리 올리고당(1.2kg),백화점,5104
2024-12-20,백설 요리 올리고당(1.2kg),기업형슈퍼,6536
2024-12-20,청정원 유기농 흑설탕(454g),백화점,4180
2024-12-20,청정원 유기농 황설탕(454g),대형마트,3980
2024-12-20,청정원 유기농 황설탕(454g),백화점,4180
2024-12-20,백설 갈색설탕(1kg),대형마트,2880
2024-12-20,백설 갈색설탕(1kg),백화점,3210
2024-12-20,백설 갈색설탕(1kg),기업형슈퍼,3409
2024-12-20,백설 갈색설탕(1kg),편의점,3100
2024-12-20,백설 브라운 자일로스 설탕(1kg),대형마트,4680
2024-12-20,백설 브라운 자일로스 설탕(1kg),백화점,4933
2024-12-20,백설 브라운 자일로스 설탕(1kg),기업형슈퍼,5089
2024-12-20,백설 흑설탕(1kg),대형마트,2980
2024-12-20,백설 흑설탕(1kg),백화점,3132
2024-12-20,백설 흑설탕(1kg),기업형슈퍼,3310
2024-12-20,큐원 갈색설탕(1kg),대형마트,2850
2024-12-20,큐원 갈색설탕(1kg),백화점,4180
2024-12-20,큐원 갈색설탕(1kg),기업형슈퍼,3290
2024-12-20,큐원 흑설탕(1kg),대형마트,2950
2024-12-20,동원 포도씨유(850ml),대형마트,14980
2024-12-20,동원 포도씨유(850ml),백화점,14980
2024-12-20,해표 포도씨유(900ml),대형마트,16000
2024-12-20,해표 포도씨유(900ml),백화점,16080
2024-12-20,해표 포도씨유(900ml),기업형슈퍼,16945
2024-12-20,해표 포도씨유(900ml),편의점,9500
2024-12-20,백설 포도씨유(900ml),대형마트,16000
2024-12-20,백설 포도씨유(900ml),백화점,11805
2024-12-20,백설 포도씨유(900ml),기업형슈퍼,13343
2024-12-20,백설 포도씨유(900ml),편의점,18900
2024-12-20,백설 카놀라유(900ml),대형마트,9500
2024-12-20,백설 카놀라유(900ml),백화점,6390
2024-12-20,백설 카놀라유(900ml),기업형슈퍼,9530
2024-12-20,해표 카놀라유(900ml),대형마트,4750
2024-12-20,해표 카놀라유(900ml),백화점,6080
2024-12-20,해표 카놀라유(900ml),기업형슈퍼,9807
2024-12-20,동원 카놀라유(850ml),대형마트,8980
2024-12-20,동원 카놀라유(850ml),백화점,8980
2024-12-20,오뚜기 카놀라유(900ml),백화점,9196
2024-12-20,하이뮨 프로틴밸런스(190ml),백화점,1650
2024-12-20,하이뮨 프로틴밸런스(190ml),편의점,2000
2024-12-20,빙그레 더단백 프로틴 드링크 초코(250ml),백화점,2750
2024-12-20,빙그레 더단백 프로틴 드링크 초코(250ml),편의점,2900
2024-12-20,셀렉스 스포츠 웨이프로틴 초콜릿(330ml),백화점,3183
2024-12-20,셀렉스 스포츠 웨이프로틴 초콜릿(330ml),기업형슈퍼,2811
2024-12-20,셀렉스 스포츠 웨이프로틴 초콜릿(330ml),편의점,3133
2024-12-20,깨수깡(160ml),백화점,3490
2024-12-20,깨수깡(160ml),기업형슈퍼,2639
2024-12-20,깨수깡(160ml),편의점,5000
2024-12-20,여명808(140ml),백화점,5500
2024-12-20,여명808(140ml),기업형슈퍼,5000
2024-12-20,여명808(140ml),편의점,5500
2024-12-20,컨디션 헛개(100ml),백화점,4000
2024-12-20,컨디션 헛개(100ml),기업형슈퍼,4957
2024-12-20,컨디션 헛개(100ml),편의점,5000
2024-12-20,레디큐 드링크(100ml),편의점,5000
2024-12-20,빅토리아 탄산수 플레인(500ml),백화점,1115
2024-12-20,트레비 탄산수 플레인(500ml),대형마트,1165
2024-12-20,트레비 탄산수 플레인(500ml),백화점,1300
2024-12-20,트레비 탄산수 플레인(500ml),기업형슈퍼,1801
2024-12-20,트레비 탄산수 플레인(500ml),편의점,1800
2024-12-20,초정탄산수 플레인(500ml),백화점,1345
2024-12-20,초정탄산수 플레인(500ml),편의점,1633
2024-12-20,서울우유 버터(450g),대형마트,11000
2024-12-20,서울우유 버터(450g),백화점,12400
2024-12-20,서울우유 버터(450g),기업형슈퍼,11147
2024-12-20,서울우유 버터(450g),편의점,13500
2024-12-20,폰테라 앵커버터(227g),백화점,6900
2024-12-20,파스퇴르 프리미엄 홈버터(450g),대형마트,9980
2024-12-20,파스퇴르 프리미엄 홈버터(450g),백화점,9500
2024-12-20,파스퇴르 프리미엄 홈버터(450g),기업형슈퍼,10000
2024-12-20,알라 무염버터(400g),대형마트,9700
2024-12-20,알라 무염버터(400g),백화점,10721
2024-12-20,알라 무염버터(400g),기업형슈퍼,9960
2024-12-20,상하목장 슬로우버터 무염(100g),백화점,3880
2024-12-20,백설 햄스빌 베이컨(330g),대형마트,7970
2024-12-20,백설 햄스빌 베이컨(330g),백화점,9645
2024-12-20,백설 햄스빌 베이컨(330g),기업형슈퍼,7990
2024-12-20,백설 햄스빌 두툼한 굿베이컨(340g),대형마트,9980
2024-12-20,백설 햄스빌 두툼한 굿베이컨(340g),백화점,6648
2024-12-20,백설 햄스빌 두툼한 굿베이컨(340g),기업형슈퍼,7986
2024-12-20,백설 햄스빌 두툼한 굿베이컨(340g),편의점,9900
2024-12-20,전G베이컨(200g),백화점,3910
2024-12-20,전G베이컨(200g),기업형슈퍼,4077
2024-12-20,매일 소화가 잘되는 우유(930ml),대형마트,3780
2024-12-20,매일 소화가 잘되는 우유(930ml),백화점,3790
2024-12-20,매일 소화가 잘되는 우유(930ml),기업형슈퍼,3905
2024-12-20,매일 소화가 잘되는 우유(930ml),편의점,4000
2024-12-20,서울 저지방 우유(1L),대형마트,3280
2024-12-20,서울 저지방 우유(1L),백화점,3285
2024-12-20,서울 저지방 우유(1L),기업형슈퍼,3393
2024-12-20,서울 저지방 우유(1L),편의점,2800
2024-12-20,덴마크 산양우유(750ml),대형마트,6980
2024-12-20,덴마크 산양우유(750ml),백화점,6980
2024-12-20,덴마크 산양우유(750ml),기업형슈퍼,6488
2024-12-20,덴마크 대니쉬우유 오리지널(900ml),백화점,2880
2024-12-20,덴마크 대니쉬우유 오리지널(900ml),기업형슈퍼,2846
2024-12-20,남양 아인슈타인 무항생제 우유(900ml),대형마트,3480
2024-12-20,남양 아인슈타인 무항생제 우유(900ml),백화점,4080
2024-12-20,남양 아인슈타인 무항생제 우유(900ml),편의점,3100
2024-12-20,1등급 다향 훈제오리(500g),백화점,19800
2024-12-20,1등급 다향 훈제오리(500g),기업형슈퍼,19801
2024-12-20,스모크델리 훈제오리(500g),대형마트,12980
2024-12-20,의성마늘 훈제오리 슬라이스(400g),대형마트,11980
2024-12-20,벡셀 알카라인 건전지 AA(4개입),편의점,6900
2024-12-20,벡셀 알카라인 건전지 AAA(4개입),편의점,6900
2024-12-20,에너자이저 맥스플러스 AA(4개입),대형마트,9300
2024-12-20,에너자이저 맥스플러스 AA(4개입),백화점,6300
2024-12-20,에너자이저 맥스플러스 AA(4개입),기업형슈퍼,8276
2024-12-20,에너자이저 맥스플러스 AA(4개입),편의점,9900
2024-12-20,에너자이저 맥스 AAA(4개입),대형마트,8000
2024-12-20,에너자이저 맥스 AAA(4개입),백화점,6143
2024-12-20,에너자이저 맥스 AAA(4개입),기업형슈퍼,7986
2024-12-20,에너자이저 맥스 AAA(4개입),편의점,7283
2024-12-20,듀라셀 울트라 알카라인 건전지 AA(4개입),대형마트,9100
2024-12-20,듀라셀 울트라 알카라인 건전지 AA(4개입),백화점,8695
2024-12-20,듀라셀 울트라 알카라인 건전지 AA(4개입),기업형슈퍼,6800
2024-12-20,듀라셀 울트라 알카라인 건전지 AA(4개입),편의점,8500
2024-12-20,듀라셀 울트라 알카라인 건전지 AAA(4개입),대형마트,9100
2024-12-20,듀라셀 울트라 알카라인 건전지 AAA(4개입),백화점,8695
2024-12-20,듀라셀 울트라 알카라인 건전지 AAA(4개입),기업형슈퍼,6800
2024-12-20,듀라셀 울트라 알카라인 건전지 AAA(4개입),편의점,9900
2024-12-20,e-쿠킹호일(25cm*30m),대형마트,6182
2024-12-20,e-쿠킹호일(25cm*30m),백화점,4700
2024-12-20,프리미엄 쿠킹호일(25cm*30m),대형마트,7480
2024-12-20,대한웰빙호일(25cm*30m),대형마트,6280
2024-12-20,크린 종이호일(25cm*20m),대형마트,4680
2024-12-20,크린 종이호일(25cm*20m),백화점,5015
2024-12-20,대한웰빙호일(30cm*30m),대형마트,8182
2024-12-20,니베아 립 모이스춰 케어(4.8g),대형마트,4900
2024-12-20,니베아 립 모이스춰 케어(4.8g),백화점,4550
2024-12-20,니베아 립 모이스춰 케어(4.8g),기업형슈퍼,4614
2024-12-20,니베아 립 모이스춰 케어(4.8g),편의점,4900
2024-12-20,니베아 립 에센셜 케어(4.8g),대형마트,4900
2024-12-20,니베아 립 에센셜 케어(4.8g),백화점,4550
2024-12-20,니베아 립 에센셜 케어(4.8g),기업형슈퍼,4557
2024-12-20,니베아 립 에센셜 케어(4.8g),편의점,4300
2024-12-20,바세린 립테라피 스틱 오리지널(4.8g),백화점,3950
2024-12-20,바세린 립테라피 스틱 오리지널(4.8g),편의점,5000
2024-12-20,뉴트로지나 립(2번들),대형마트,7900
2024-12-20,뉴트로지나 립(2번들),백화점,7917
2024-12-20,피지오겔 DMT 마일드 립밤(4.2g),대형마트,9900
2024-12-20,피지오겔 DMT 마일드 립밤(4.2g),편의점,12200
2024-12-20,닥터아토 손소독티슈(20매),대형마트,1600
2024-12-20,닥터아토 손소독티슈(20매),백화점,1600
2024-12-20,크리넥스 수앤수 라이언 물티슈 캡형(80매),대형마트,2200
2024-12-20,크리넥스 수앤수 라이언 물티슈 캡형(80매),백화점,2565
2024-12-20,크리넥스 수앤수 라이언 물티슈 캡형(80매),기업형슈퍼,2239
2024-12-20,크리넥스 안심물티슈 캡형(60매),대형마트,2800
2024-12-20,크리넥스 안심물티슈 캡형(60매),백화점,3262
2024-12-20,깨끗한나라 순수 소프티 미용티슈(260매*6입),대형마트,11900
2024-12-20,깨끗한나라 순수 소프티 미용티슈(260매*6입),백화점,15340
2024-12-20,크리넥스 내추럴소프트 미용티슈(270매*6입),대형마트,18900
2024-12-20,크리넥스 실크소프트 미용티슈(230매*6입),대형마트,13500
2024-12-20,코디 해피퍼피 미용티슈(250매*6입),대형마트,14900
2024-12-20,코디 해피퍼피 미용티슈(250매*6입),백화점,12900
2024-12-20,코디 내추럴 미용티슈(230매*6입),대형마트,9500
2024-12-20,해피홈 멸균밴드 패턴 표준형(40매),백화점,3700
2024-12-20,해피홈 멸균밴드 패턴 표준형(40매),기업형슈퍼,2503
2024-12-20,해피홈 탄력아쿠아밴드 표준형(20매),대형마트,4500
2024-12-20,해피홈 탄력아쿠아밴드 표준형(20매),백화점,4800
2024-12-20,해피홈 탄력아쿠아밴드 표준형(20매),기업형슈퍼,4592
2024-12-20,대일밴드 혼합형(21매),대형마트,1200
2024-12-20,대일밴드 혼합형(21매),백화점,1700
2024-12-20,대일밴드 혼합형(21매),편의점,1750
2024-12-20,니베아 퍼펙트 선 세럼(90ml),대형마트,9900
2024-12-20,니베아 퍼펙트 선 세럼(90ml),백화점,11700
2024-12-20,니베아 퍼펙트 선 세럼(90ml),기업형슈퍼,12293
2024-12-20,니베아 퍼펙트 선 세럼(90ml),편의점,20800
2024-12-20,니베아 선 페이스 영에이지 크림(50ml),대형마트,9900
2024-12-20,니베아 선 페이스 영에이지 크림(50ml),백화점,15800
2024-12-20,바세린 데일리 선크림(50ml),대형마트,13900
2024-12-20,바세린 데일리 선크림(50ml),백화점,10615
2024-12-20,바세린 데일리 선크림(50ml),편의점,19900
2024-12-20,벨먼 포켓몬 UV 피카츄 선크림(50ml),편의점,14900
2024-12-20,코디 순백 3겹(30롤),대형마트,22400
2024-12-20,모나리자 프레시티지 3겹(30롤),대형마트,21900
2024-12-20,크리넥스 클린케어 3겹(30롤),대형마트,29800
2024-12-20,크리넥스 클린케어 3겹(30롤),백화점,26050
2024-12-20,크리넥스 클린케어 3겹(30롤),기업형슈퍼,21964
2024-12-20,크리넥스 클린케어 3겹(30롤),편의점,35300
2024-12-20,크리넥스 울트라클린 3겹(30롤),대형마트,33700
2024-12-20,크리넥스 울트라클린 3겹(30롤),백화점,30500
2024-12-20,크리넥스 울트라클린 3겹(30롤),기업형슈퍼,31982
2024-12-20,임금님표 이천쌀 특등급(10kg),대형마트,44650
2024-12-20,임금님표 이천쌀 특등급(10kg),백화점,29500
2024-12-20,대왕님표 여주 진상미(10kg),대형마트,45800
2024-12-20,대왕님표 여주 진상미(10kg),백화점,49800
2024-12-20,바른고을 의성진쌀(10kg),대형마트,34900
2024-12-20,당진 해나루쌀 특등급(10kg),기업형슈퍼,36900
2024-12-20,철원 오대쌀(10kg),대형마트,44900
2024-12-20,철원 오대쌀(10kg),백화점,47800
2024-12-20,불릴필요없는 현미(2kg),대형마트,8980
2024-12-20,불릴필요없는 현미(2kg),기업형슈퍼,9999
2024-12-20,96시간 숙성 현미(1kg),대형마트,5480
2024-12-20,96시간 숙성 서리태(500g),대형마트,8900
2024-12-20,작지만 진한 약콩(500g),대형마트,7980
2024-12-20,120시간 숙성 팥(500g),대형마트,15900
2024-12-20,항공직송 동원생연어(320g),기업형슈퍼,19900
2024-12-20,바로 먹는 그라브락스 연어(150g),기업형슈퍼,11900
2024-12-20,청정원 자유방목 동물복지 유정란(15개),대형마트,12900
2024-12-20,청정원 행복놀이터 동물복지 유정란(15개),백화점,7980
2024-12-20,청정원 행복놀이터 동물복지 유정란(15개),기업형슈퍼,6990
2024-12-20,풀무원 동물복지 유정란(10개),대형마트,7980
2024-12-20,풀무원 동물복지 유정란(10개),백화점,7713
2024-12-20,풀무원 동물복지 유정란(10개),기업형슈퍼,9373
2024-12-20,풀무원 동물복지 목초란(15개),백화점,8932
2024-12-20,풀무원 동물복지 목초란(15개),기업형슈퍼,10342
2024-12-20,하림 무항생제 영양란(25개),기업형슈퍼,9108
2024-12-20,청정원 동물복지 청정유정란(15개),대형마트,7980
2024-12-20,청정원 동물복지 청정유정란(15개),기업형슈퍼,7980
2024-12-20,허니버터아몬드(190g),대형마트,7990
2024-12-20,허니버터아몬드(190g),백화점,8400
2024-12-20,허니버터아몬드(190g),편의점,6300
2024-12-20,촉촉한 우유식빵(330g),대형마트,2980
2024-12-20,촉촉한 우유식빵(330g),백화점,2300
2024-12-20,촉촉한 우유식빵(330g),기업형슈퍼,2987
2024-12-20,롯데 자일리톨 오리지날(52g),백화점,2997
2024-12-20,롯데 자일리톨 오리지날(52g),기업형슈퍼,4780
2024-12-20,롯데 자일리톨 오리지날(52g),편의점,3000
2024-12-20,몽쉘 생크림케이크 오리지널(408g),대형마트,4880
2024-12-20,몽쉘 생크림케이크 오리지널(408g),백화점,5640
2024-12-20,몽쉘 생크림케이크 오리지널(408g),기업형슈퍼,5308
2024-12-20,몽쉘 생크림케이크 오리지널(408g),편의점,6300
2024-12-20,매일두유 99.9(12팩),대형마트,8980
2024-12-20,매일두유 99.9(12팩),백화점,10325
2024-12-20,백설 그릴 비엔나(560g),대형마트,8980
2024-12-20,백설 그릴 비엔나(560g),백화점,9555
2024-12-20,백설 그릴 비엔나(560g),편의점,9500
2024-12-20,서울우유 체다슬라이스치즈(270g),기업형슈퍼,5980
2024-12-20,서울우유 체다슬라이스치즈(270g),편의점,7500
2024-12-20,서울우유 체다슬라이스치즈(360g),대형마트,8980
2024-12-20,서울우유 체다슬라이스치즈(360g),백화점,8980
2024-12-20,서울우유 체다슬라이스치즈(360g),기업형슈퍼,9364
2024-12-20,샤프란케어 은은한향(900ml),백화점,6700
2024-12-20,샤프란케어 은은한향(900ml),기업형슈퍼,5400
2024-12-20,해피바스 정말 순한 바디밀크(400ml),대형마트,13800
2024-12-20,해피바스 정말 순한 바디밀크(400ml),백화점,8203
2024-12-20,해피바스 정말 순한 바디밀크(400ml),기업형슈퍼,7262
2024-12-20,해피바스 오리지널컬렉션 라벤더 바디워시(910g),대형마트,9900
2024-12-20,해피바스 오리지널컬렉션 라벤더 바디워시(910g),백화점,11450
2024-12-20,쏘피 바디피트 볼록맞춤 중형(36개입),대형마트,12900
2024-12-20,쏘피 바디피트 볼록맞춤 중형(36개입),기업형슈퍼,12884
2024-12-20,좋은느낌 오리지널 울트라슬림 날개 중형(36개입),대형마트,13000
2024-12-20,좋은느낌 오리지널 울트라슬림 날개 중형(36개입),백화점,11950
2024-12-20,좋은느낌 오리지널 울트라슬림 날개 중형(36개입),기업형슈퍼,13500
2024-12-20,좋은느낌 유기농순면커버 울트라슬림 날개 중형(36개입),대형마트,16100
2024-12-20,좋은느낌 유기농순면커버 울트라슬림 날개 중형(36개입),백화점,14067
2024-12-20,좋은느낌 유기농순면커버 울트라슬림 날개 중형(36개입),기업형슈퍼,17986
2024-12-20,화이트 수퍼흡수 중형(36개입),대형마트,8900
2024-12-20,화이트 수퍼흡수 중형(36개입),백화점,10950
2024-12-20,화이트 수퍼흡수 중형(36개입),기업형슈퍼,11669
2024-12-20,려 우아채 멋내기새치크림 짙은 갈색(120g),대형마트,7445
2024-12-20,려 우아채 멋내기새치크림 짙은 갈색(120g),백화점,7890
2024-12-20,리엔 흑모비책크림염색 자연갈색(120g),대형마트,10900
2024-12-20,리엔 흑모비책크림염색 자연갈색(120g),백화점,7279
2024-12-20,리엔 흑모비책크림염색 자연갈색(120g),기업형슈퍼,6645
2024-12-20,리엔 흑모비책크림염색 자연갈색(120g),편의점,12900
2024-12-20,청정원 전주 콩나물(400g),대형마트,2480
2024-12-20,청정원 전주 콩나물(400g),백화점,2710
2024-12-20,CJ 목초 동물복지 유정란(대란 15개),백화점,10730
2024-12-20,참 건강한 동물복지 닭백숙(1.19kg),백화점,11100
2024-12-20,에스앤비 생와사비(43g),대형마트,3380
2024-12-20,에스앤비 생와사비(43g),백화점,3484
2024-12-20,에스앤비 생와사비(43g),기업형슈퍼,3876
2024-12-20,에스앤비 생와사비(43g),편의점,3500
2024-12-20,오뚜기 생와사비(43g),대형마트,4150
2024-12-20,오뚜기 생와사비(43g),백화점,4365
2024-12-20,오뚜기 생와사비(43g),기업형슈퍼,4448
2024-12-20,오뚜기 생와사비(43g),편의점,3850
2024-12-20,오뚜기 연와사비(35g),대형마트,1500
2024-12-20,오뚜기 연와사비(35g),백화점,1783
2024-12-20,오뚜기 연와사비(35g),기업형슈퍼,1780
2024-12-20,오뚜기 연와사비(35g),편의점,2300
2024-12-20,움트리 생와사비(120g),백화점,6299
2024-12-20,움트리 생와사비(120g),기업형슈퍼,5831
2024-12-20,청정원 생와사비(40g),대형마트,3880
2024-12-20,청정원 생와사비(40g),백화점,4080
2024-12-20,청정원 생와사비(40g),기업형슈퍼,4400
2024-12-20,청정원 생와사비(40g),편의점,4500
2024-12-20,려 함빛 극손상앤영양 샴푸(480ml),대형마트,10884
2024-12-20,려 함빛 극손상앤영양 샴푸(480ml),백화점,10110
2024-12-20,려 함빛 극손상앤영양 샴푸(480ml),기업형슈퍼,11402
2024-12-20,프릴 시크릿 오브 베이킹소다 퓨어레몬향(700ml),대형마트,8200
2024-12-20,프릴 시크릿 오브 베이킹소다 퓨어레몬향(700ml),백화점,8600
2024-12-20,프릴 시크릿 오브 베이킹소다 퓨어레몬향(700ml),기업형슈퍼,9500
2024-12-20,프릴 시크릿 오브 베이킹소다 퓨어레몬향(700ml),편의점,9500
2024-12-20,알쿠니아 황도(840g),대형마트,5780
2024-12-20,알쿠니아 황도(840g),백화점,5400
